<package-database xmlns="http://marklogic.com/manage/package/databases">
  <metadata>
    <package-version>2.0</package-version>
    <user>admin</user>
    <group>Default</group>
    <host>localhost.localdomain</host>
    <timestamp>2014-12-18T09:26:55.11972-08:00</timestamp>
    <platform>linux</platform>
  </metadata>
  <config>
    <name>workplacetest-content</name>
    <package-database-properties>
      <enabled>true</enabled>
      <retired-forest-count>0</retired-forest-count>
      <language>en</language>
      <stemmed-searches>basic</stemmed-searches>
      <word-searches>false</word-searches>
      <word-positions>false</word-positions>
      <fast-phrase-searches>true</fast-phrase-searches>
      <fast-reverse-searches>false</fast-reverse-searches>
      <triple-index>true</triple-index>
      <triple-positions>false</triple-positions>
      <fast-case-sensitive-searches>true</fast-case-sensitive-searches>
      <fast-diacritic-sensitive-searches>true</fast-diacritic-sensitive-searches>
      <fast-element-word-searches>true</fast-element-word-searches>
      <element-word-positions>false</element-word-positions>
      <fast-element-phrase-searches>true</fast-element-phrase-searches>
      <element-value-positions>false</element-value-positions>
      <attribute-value-positions>false</attribute-value-positions>
      <field-value-searches>false</field-value-searches>
      <field-value-positions>false</field-value-positions>
      <three-character-searches>false</three-character-searches>
      <three-character-word-positions>false</three-character-word-positions>
      <fast-element-character-searches>false</fast-element-character-searches>
      <trailing-wildcard-searches>false</trailing-wildcard-searches>
      <trailing-wildcard-word-positions>false</trailing-wildcard-word-positions>
      <fast-element-trailing-wildcard-searches>false</fast-element-trailing-wildcard-searches>
      <word-lexicons/>
      <two-character-searches>false</two-character-searches>
      <one-character-searches>false</one-character-searches>
      <uri-lexicon>true</uri-lexicon>
      <collection-lexicon>true</collection-lexicon>
      <reindexer-enable>true</reindexer-enable>
      <reindexer-throttle>5</reindexer-throttle>
      <reindexer-timestamp>0</reindexer-timestamp>
      <directory-creation>manual</directory-creation>
      <maintain-last-modified>false</maintain-last-modified>
      <maintain-directory-last-modified>false</maintain-directory-last-modified>
      <inherit-permissions>false</inherit-permissions>
      <inherit-collections>false</inherit-collections>
      <inherit-quality>false</inherit-quality>
      <in-memory-limit>32768</in-memory-limit>
      <in-memory-list-size>64</in-memory-list-size>
      <in-memory-tree-size>16</in-memory-tree-size>
      <in-memory-range-index-size>2</in-memory-range-index-size>
      <in-memory-reverse-index-size>2</in-memory-reverse-index-size>
      <in-memory-triple-index-size>16</in-memory-triple-index-size>
      <large-size-threshold>1024</large-size-threshold>
      <locking>fast</locking>
      <journaling>fast</journaling>
      <journal-size>128</journal-size>
      <journal-count>2</journal-count>
      <preallocate-journals>false</preallocate-journals>
      <preload-mapped-data>false</preload-mapped-data>
      <preload-replica-mapped-data>false</preload-replica-mapped-data>
      <range-index-optimize>facet-time</range-index-optimize>
      <positions-list-max-size>256</positions-list-max-size>
      <format-compatibility>automatic</format-compatibility>
      <index-detection>automatic</index-detection>
      <expunge-locks>none</expunge-locks>
      <tf-normalization>scaled-log</tf-normalization>
      <merge-priority>lower</merge-priority>
      <merge-max-size>32768</merge-max-size>
      <merge-min-size>1024</merge-min-size>
      <merge-min-ratio>2</merge-min-ratio>
      <merge-timestamp>0</merge-timestamp>
      <merge-blackouts/>
      <database-backups/>
      <fragment-roots/>
      <fragment-parents/>
      <element-word-query-throughs/>
      <phrase-throughs/>
      <phrase-arounds/>
      <range-element-indexes>
	<range-element-index>
	  <scalar-type>string</scalar-type>
	  <namespace-uri/>
	  <localname>citizen</localname>
	  <collation>http://marklogic.com/collation/</collation>
	  <range-value-positions>false</range-value-positions>
	  <invalid-values>reject</invalid-values>
	</range-element-index>
	<range-element-index>
	  <scalar-type>string</scalar-type>
	  <namespace-uri/>
	  <localname>company</localname>
	  <collation>http://marklogic.com/collation/</collation>
	  <range-value-positions>false</range-value-positions>
	  <invalid-values>reject</invalid-values>
	</range-element-index>
	<range-element-index>
	  <scalar-type>double</scalar-type>
	  <namespace-uri/>
	  <localname>value</localname>
	  <collation>http://marklogic.com/collation/</collation>
	  <range-value-positions>false</range-value-positions>
	  <invalid-values>reject</invalid-values>
	</range-element-index>
	<range-element-index>
	  <scalar-type>string</scalar-type>
	  <namespace-uri/>
	  <localname>flagged</localname>
	  <collation>http://marklogic.com/collation/</collation>
	  <range-value-positions>false</range-value-positions>
	  <invalid-values>reject</invalid-values>
	</range-element-index>
	<range-element-index>
	  <scalar-type>double</scalar-type>
	  <namespace-uri/>
	  <localname>flaggedpct</localname>
	  <collation>http://marklogic.com/collation/</collation>
	  <range-value-positions>false</range-value-positions>
	  <invalid-values>reject</invalid-values>
	</range-element-index>
	<range-element-index>
	  <scalar-type>string</scalar-type>
	  <namespace-uri/>
	  <localname>originalurl</localname>
	  <collation>http://marklogic.com/collation/</collation>
	  <range-value-positions>false</range-value-positions>
	  <invalid-values>reject</invalid-values>
	</range-element-index>
	<range-element-index>
	  <scalar-type>string</scalar-type>
	  <namespace-uri>http://marklogic.com/mobilephone</namespace-uri>
	  <localname>phoneNumber</localname>
	  <collation>http://marklogic.com/collation/</collation>
	  <range-value-positions>false</range-value-positions>
	  <invalid-values>reject</invalid-values>
	</range-element-index>
	<range-element-index>
	  <scalar-type>dateTime</scalar-type>
	  <namespace-uri>http://www.marklogic.com/intel/intercept</namespace-uri>
	  <localname>event-timestamp</localname>
	  <collation/>
	  <range-value-positions>false</range-value-positions>
	  <invalid-values>reject</invalid-values>
	</range-element-index>
	<range-element-index>
	  <scalar-type>string</scalar-type>
	  <namespace-uri>http://www.w3.org/1999/xhtml</namespace-uri>
	  <localname>title</localname>
	  <collation>http://marklogic.com/collation/</collation>
	  <range-value-positions>false</range-value-positions>
	  <invalid-values>reject</invalid-values>
	</range-element-index>
	<range-element-index>
	  <scalar-type>string</scalar-type>
	  <namespace-uri/>
	  <localname>potential</localname>
	  <collation>http://marklogic.com/collation/</collation>
	  <range-value-positions>false</range-value-positions>
	  <invalid-values>reject</invalid-values>
	</range-element-index>
	<range-element-index>
	  <scalar-type>date</scalar-type>
	  <namespace-uri>http://marklogic.com/ns/dt</namespace-uri>
	  <localname>datereceived</localname>
	  <collation/>
	  <range-value-positions>false</range-value-positions>
	  <invalid-values>reject</invalid-values>
	</range-element-index>
	<range-element-index>
	  <scalar-type>string</scalar-type>
	  <namespace-uri>http://marklogic.com/xdmp/json/basic</namespace-uri>
	  <localname>animal</localname>
	  <collation>http://marklogic.com/collation/</collation>
	  <range-value-positions>false</range-value-positions>
	  <invalid-values>reject</invalid-values>
	</range-element-index>
	<range-element-index>
	  <scalar-type>string</scalar-type>
	  <namespace-uri>http://marklogic.com/xdmp/json/basic</namespace-uri>
	  <localname>family</localname>
	  <collation>http://marklogic.com/collation/</collation>
	  <range-value-positions>false</range-value-positions>
	  <invalid-values>reject</invalid-values>
	</range-element-index>
	<range-element-index>
	  <scalar-type>string</scalar-type>
	  <namespace-uri>http://marklogic.com/xdmp/json/basic</namespace-uri>
	  <localname>city</localname>
	  <collation>http://marklogic.com/collation/</collation>
	  <range-value-positions>false</range-value-positions>
	  <invalid-values>reject</invalid-values>
	</range-element-index>
	<range-element-index>
	  <scalar-type>string</scalar-type>
	  <namespace-uri>http://marklogic.com/xdmp/json/basic</namespace-uri>
	  <localname>month</localname>
	  <collation>http://marklogic.com/collation/</collation>
	  <range-value-positions>false</range-value-positions>
	  <invalid-values>reject</invalid-values>
	</range-element-index>
	<range-element-index>
	  <scalar-type>string</scalar-type>
	  <namespace-uri>http://www.w3.org/1999/xhtml</namespace-uri>
	  <localname>h1</localname>
	  <collation>http://marklogic.com/collation/</collation>
	  <range-value-positions>false</range-value-positions>
	  <invalid-values>reject</invalid-values>
	</range-element-index>
	<range-element-index>
	  <scalar-type>string</scalar-type>
	  <namespace-uri>http://marklogic.com/xdmp/json/basic</namespace-uri>
	  <localname>actor</localname>
	  <collation>http://marklogic.com/collation/</collation>
	  <range-value-positions>false</range-value-positions>
	  <invalid-values>reject</invalid-values>
	</range-element-index>
	<range-element-index>
	  <scalar-type>string</scalar-type>
	  <namespace-uri>http://marklogic.com/xdmp/json/basic</namespace-uri>
	  <localname>year</localname>
	  <collation>http://marklogic.com/collation/</collation>
	  <range-value-positions>false</range-value-positions>
	  <invalid-values>reject</invalid-values>
	</range-element-index>
	<range-element-index>
	  <scalar-type>int</scalar-type>
	  <collation/>
	  <namespace-uri>http://marklogic.com/xdmp/json/basic</namespace-uri>
	  <localname>stars</localname>
	  <range-value-positions>false</range-value-positions>
	  <invalid-values>reject</invalid-values>
	</range-element-index>
	<range-element-index>
	  <scalar-type>string</scalar-type>
	  <collation>http://marklogic.com/collation/</collation>
	  <namespace-uri>http://marklogic.com/xdmp/json/basic</namespace-uri>
	  <localname>genre</localname>
	  <range-value-positions>false</range-value-positions>
	  <invalid-values>reject</invalid-values>
	</range-element-index>
      </range-element-indexes>
      <range-element-attribute-indexes>
	<range-element-attribute-index>
	  <scalar-type>string</scalar-type>
	  <parent-namespace-uri/>
	  <parent-localname>call</parent-localname>
	  <namespace-uri/>
	  <localname>from</localname>
	  <collation>http://marklogic.com/collation/</collation>
	  <range-value-positions>false</range-value-positions>
	  <invalid-values>reject</invalid-values>
	</range-element-attribute-index>
	<range-element-attribute-index>
	  <scalar-type>string</scalar-type>
	  <parent-namespace-uri/>
	  <parent-localname>call</parent-localname>
	  <namespace-uri/>
	  <localname>number</localname>
	  <collation>http://marklogic.com/collation/</collation>
	  <range-value-positions>false</range-value-positions>
	  <invalid-values>reject</invalid-values>
	</range-element-attribute-index>
      </range-element-attribute-indexes>
      <element-word-lexicons>
	<element-word-lexicon>
	  <namespace-uri>http://marklogic.com/mobilephone</namespace-uri>
	  <localname>phoneNumber</localname>
	  <collation>http://marklogic.com/collation/</collation>
	</element-word-lexicon>
      </element-word-lexicons>
      <element-attribute-word-lexicons/>
      <path-namespaces>
	<path-namespace>
	  <prefix>xhtml</prefix>
	  <namespace-uri>http://www.w3.org/1999/xhtml</namespace-uri>
	</path-namespace>
      </path-namespaces>
      <range-path-indexes>
	<range-path-index>
	  <scalar-type>string</scalar-type>
	  <path-expression>/xhtml:html/xhtml:head/xhtml:meta[@name = "content-type"]/@content</path-expression>
	  <collation>http://marklogic.com/collation/</collation>
	  <range-value-positions>false</range-value-positions>
	  <invalid-values>reject</invalid-values>
	</range-path-index>
	<range-path-index>
	  <scalar-type>string</scalar-type>
	  <path-expression>/xhtml:html/xhtml:head/xhtml:meta[@name = "Producer"]/@content</path-expression>
	  <collation>http://marklogic.com/collation/</collation>
	  <range-value-positions>false</range-value-positions>
	  <invalid-values>reject</invalid-values>
	</range-path-index>
	<range-path-index>
	  <scalar-type>string</scalar-type>
	  <path-expression>/xhtml:html/xhtml:head/xhtml:meta[@name = "Company"]/@content</path-expression>
	  <collation>http://marklogic.com/collation/</collation>
	  <range-value-positions>false</range-value-positions>
	  <invalid-values>reject</invalid-values>
	</range-path-index>
	<range-path-index>
	  <scalar-type>string</scalar-type>
	  <path-expression>/xhtml:html/xhtml:head/xhtml:meta[@name = "Author"]/@content</path-expression>
	  <collation>http://marklogic.com/collation/</collation>
	  <range-value-positions>false</range-value-positions>
	  <invalid-values>reject</invalid-values>
	</range-path-index>
	<range-path-index>
	  <scalar-type>string</scalar-type>
	  <path-expression>/xhtml:html/xhtml:head/xhtml:meta[@name = "Subject"]/@content</path-expression>
	  <collation>http://marklogic.com/collation/</collation>
	  <range-value-positions>false</range-value-positions>
	  <invalid-values>reject</invalid-values>
	</range-path-index>
	<range-path-index>
	  <scalar-type>string</scalar-type>
	  <path-expression>/xhtml:html/xhtml:head/xhtml:meta[@name = "Creator"]/@content</path-expression>
	  <collation>http://marklogic.com/collation/</collation>
	  <range-value-positions>false</range-value-positions>
	  <invalid-values>reject</invalid-values>
	</range-path-index>
	<range-path-index>
	  <scalar-type>string</scalar-type>
	  <path-expression>/xhtml:html/xhtml:head/xhtml:meta[@name = "CreationDate"]/@content</path-expression>
	  <collation>http://marklogic.com/collation/</collation>
	  <range-value-positions>false</range-value-positions>
	  <invalid-values>reject</invalid-values>
	</range-path-index>
	<range-path-index>
	  <scalar-type>string</scalar-type>
	  <path-expression>/xhtml:html/xhtml:head/xhtml:meta[@name = "Creation_Date"]/@content</path-expression>
	  <collation>http://marklogic.com/collation/</collation>
	  <range-value-positions>false</range-value-positions>
	  <invalid-values>reject</invalid-values>
	</range-path-index>
	<range-path-index>
	  <scalar-type>string</scalar-type>
	  <path-expression>/xhtml:html/xhtml:head/xhtml:meta[@name = "ModDate"]/@content</path-expression>
	  <collation>http://marklogic.com/collation/</collation>
	  <range-value-positions>false</range-value-positions>
	  <invalid-values>reject</invalid-values>
	</range-path-index>
	<range-path-index>
	  <scalar-type>string</scalar-type>
	  <path-expression>/xhtml:html/xhtml:head/xhtml:meta[@name = "size"]/@content</path-expression>
	  <collation>http://marklogic.com/collation/</collation>
	  <range-value-positions>false</range-value-positions>
	  <invalid-values>reject</invalid-values>
	</range-path-index>
	<range-path-index>
	  <scalar-type>string</scalar-type>
	  <path-expression>/xhtml:html/xhtml:head/xhtml:meta[@name = "AppName"]/@content</path-expression>
	  <collation>http://marklogic.com/collation/</collation>
	  <range-value-positions>false</range-value-positions>
	  <invalid-values>reject</invalid-values>
	</range-path-index>
	<range-path-index>
	  <scalar-type>string</scalar-type>
	  <path-expression>/xhtml:html/xhtml:head/xhtml:meta[@name = "Description"]/@content</path-expression>
	  <collation>http://marklogic.com/collation/</collation>
	  <range-value-positions>false</range-value-positions>
	  <invalid-values>reject</invalid-values>
	</range-path-index>
	<range-path-index>
	  <scalar-type>string</scalar-type>
	  <path-expression>/xhtml:html/xhtml:head/xhtml:meta[@name = "Keywords"]/@content</path-expression>
	  <collation>http://marklogic.com/collation/</collation>
	  <range-value-positions>false</range-value-positions>
	  <invalid-values>reject</invalid-values>
	</range-path-index>
	<range-path-index>
	  <scalar-type>string</scalar-type>
	  <path-expression>/xhtml:html/xhtml:head/xhtml:meta[@name = "Revision"]/@content</path-expression>
	  <collation>http://marklogic.com/collation/</collation>
	  <range-value-positions>false</range-value-positions>
	  <invalid-values>reject</invalid-values>
	</range-path-index>
	<range-path-index>
	  <scalar-type>string</scalar-type>
	  <path-expression>/xhtml:html/xhtml:head/xhtml:meta[@name = "Total_Editing_Time"]/@content</path-expression>
	  <collation>http://marklogic.com/collation/</collation>
	  <range-value-positions>false</range-value-positions>
	  <invalid-values>reject</invalid-values>
	</range-path-index>
	<range-path-index>
	  <scalar-type>string</scalar-type>
	  <path-expression>/xhtml:html/xhtml:head/xhtml:meta[@name = "isys_SubType"]/@content</path-expression>
	  <collation>http://marklogic.com/collation/</collation>
	  <range-value-positions>false</range-value-positions>
	  <invalid-values>reject</invalid-values>
	</range-path-index>
	<range-path-index>
	  <scalar-type>string</scalar-type>
	  <path-expression>/xhtml:html/xhtml:head/xhtml:meta[@name = "Character_Count"]/@content</path-expression>
	  <collation>http://marklogic.com/collation/</collation>
	  <range-value-positions>false</range-value-positions>
	  <invalid-values>reject</invalid-values>
	</range-path-index>
	<range-path-index>
	  <scalar-type>string</scalar-type>
	  <path-expression>/xhtml:html/xhtml:head/xhtml:meta[@name = "Last_Author"]/@content</path-expression>
	  <collation>http://marklogic.com/collation/</collation>
	  <range-value-positions>false</range-value-positions>
	  <invalid-values>reject</invalid-values>
	</range-path-index>
	<range-path-index>
	  <scalar-type>string</scalar-type>
	  <path-expression>/xhtml:html/xhtml:head/xhtml:meta[@name = "Last_Saved_Date"]/@content</path-expression>
	  <collation>http://marklogic.com/collation/</collation>
	  <range-value-positions>false</range-value-positions>
	  <invalid-values>reject</invalid-values>
	</range-path-index>
	<range-path-index>
	  <scalar-type>string</scalar-type>
	  <path-expression>/xhtml:html/xhtml:head/xhtml:meta[@name = "Line_Count"]/@content</path-expression>
	  <collation>http://marklogic.com/collation/</collation>
	  <range-value-positions>false</range-value-positions>
	  <invalid-values>reject</invalid-values>
	</range-path-index>
	<range-path-index>
	  <scalar-type>string</scalar-type>
	  <path-expression>/xhtml:html/xhtml:head/xhtml:meta[@name = "Links_Up_To_Date"]/@content</path-expression>
	  <collation>http://marklogic.com/collation/</collation>
	  <range-value-positions>false</range-value-positions>
	  <invalid-values>reject</invalid-values>
	</range-path-index>
	<range-path-index>
	  <scalar-type>string</scalar-type>
	  <path-expression>/xhtml:html/xhtml:head/xhtml:meta[@name = "Page_Count"]/@content</path-expression>
	  <collation>http://marklogic.com/collation/</collation>
	  <range-value-positions>false</range-value-positions>
	  <invalid-values>reject</invalid-values>
	</range-path-index>
	<range-path-index>
	  <scalar-type>string</scalar-type>
	  <path-expression>/xhtml:html/xhtml:head/xhtml:meta[@name = "Paragraph_Count"]/@content</path-expression>
	  <collation>http://marklogic.com/collation/</collation>
	  <range-value-positions>false</range-value-positions>
	  <invalid-values>reject</invalid-values>
	</range-path-index>
	<range-path-index>
	  <scalar-type>string</scalar-type>
	  <path-expression>/xhtml:html/xhtml:head/xhtml:meta[@name = "Revision_Number"]/@content</path-expression>
	  <collation>http://marklogic.com/collation/</collation>
	  <range-value-positions>false</range-value-positions>
	  <invalid-values>reject</invalid-values>
	</range-path-index>
	<range-path-index>
	  <scalar-type>string</scalar-type>
	  <path-expression>/xhtml:html/xhtml:head/xhtml:meta[@name = "Scale_Crop"]/@content</path-expression>
	  <collation>http://marklogic.com/collation/</collation>
	  <range-value-positions>false</range-value-positions>
	  <invalid-values>reject</invalid-values>
	</range-path-index>
	<range-path-index>
	  <scalar-type>string</scalar-type>
	  <path-expression>/xhtml:html/xhtml:head/xhtml:meta[@name = "Security"]/@content</path-expression>
	  <collation>http://marklogic.com/collation/</collation>
	  <range-value-positions>false</range-value-positions>
	  <invalid-values>reject</invalid-values>
	</range-path-index>
	<range-path-index>
	  <scalar-type>string</scalar-type>
	  <path-expression>/xhtml:html/xhtml:head/xhtml:meta[@name = "Template"]/@content</path-expression>
	  <collation>http://marklogic.com/collation/</collation>
	  <range-value-positions>false</range-value-positions>
	  <invalid-values>reject</invalid-values>
	</range-path-index>
	<range-path-index>
	  <scalar-type>string</scalar-type>
	  <path-expression>/xhtml:html/xhtml:head/xhtml:meta[@name = "Word_Count"]/@content</path-expression>
	  <collation>http://marklogic.com/collation/</collation>
	  <range-value-positions>false</range-value-positions>
	  <invalid-values>reject</invalid-values>
	</range-path-index>
	<range-path-index>
	  <scalar-type>string</scalar-type>
	  <path-expression>/xhtml:html/xhtml:head/xhtml:meta[@name = "filter-capabilities"]/@content</path-expression>
	  <collation>http://marklogic.com/collation/</collation>
	  <range-value-positions>false</range-value-positions>
	  <invalid-values>reject</invalid-values>
	</range-path-index>
	<range-path-index>
	  <scalar-type>string</scalar-type>
	  <path-expression>/xhtml:html/xhtml:head/xhtml:meta[@name = "Album"]/@content</path-expression>
	  <collation>http://marklogic.com/collation/</collation>
	  <range-value-positions>false</range-value-positions>
	  <invalid-values>reject</invalid-values>
	</range-path-index>
	<range-path-index>
	  <scalar-type>string</scalar-type>
	  <path-expression>/xhtml:html/xhtml:head/xhtml:meta[@name = "Artist"]/@content</path-expression>
	  <collation>http://marklogic.com/collation/</collation>
	  <range-value-positions>false</range-value-positions>
	  <invalid-values>reject</invalid-values>
	</range-path-index>
	<range-path-index>
	  <scalar-type>string</scalar-type>
	  <path-expression>/xhtml:html/xhtml:head/xhtml:meta[@name = "Bitrate"]/@content</path-expression>
	  <collation>http://marklogic.com/collation/</collation>
	  <range-value-positions>false</range-value-positions>
	  <invalid-values>reject</invalid-values>
	</range-path-index>
	<range-path-index>
	  <scalar-type>string</scalar-type>
	  <path-expression>/xhtml:html/xhtml:head/xhtml:meta[@name = "COMM"]/@content</path-expression>
	  <collation>http://marklogic.com/collation/</collation>
	  <range-value-positions>false</range-value-positions>
	  <invalid-values>reject</invalid-values>
	</range-path-index>
	<range-path-index>
	  <scalar-type>string</scalar-type>
	  <path-expression>/xhtml:html/xhtml:head/xhtml:meta[@name = "Channels"]/@content</path-expression>
	  <collation>http://marklogic.com/collation/</collation>
	  <range-value-positions>false</range-value-positions>
	  <invalid-values>reject</invalid-values>
	</range-path-index>
	<range-path-index>
	  <scalar-type>string</scalar-type>
	  <path-expression>/xhtml:html/xhtml:head/xhtml:meta[@name = "Comment"]/@content</path-expression>
	  <collation>http://marklogic.com/collation/</collation>
	  <range-value-positions>false</range-value-positions>
	  <invalid-values>reject</invalid-values>
	</range-path-index>
	<range-path-index>
	  <scalar-type>string</scalar-type>
	  <path-expression>/xhtml:html/xhtml:head/xhtml:meta[@name = "Duration"]/@content</path-expression>
	  <collation>http://marklogic.com/collation/</collation>
	  <range-value-positions>false</range-value-positions>
	  <invalid-values>reject</invalid-values>
	</range-path-index>
	<range-path-index>
	  <scalar-type>string</scalar-type>
	  <path-expression>/xhtml:html/xhtml:head/xhtml:meta[@name = "Genre"]/@content</path-expression>
	  <collation>http://marklogic.com/collation/</collation>
	  <range-value-positions>false</range-value-positions>
	  <invalid-values>reject</invalid-values>
	</range-path-index>
	<range-path-index>
	  <scalar-type>string</scalar-type>
	  <path-expression>/xhtml:html/xhtml:head/xhtml:meta[@name = "Media_Type"]/@content</path-expression>
	  <collation>http://marklogic.com/collation/</collation>
	  <range-value-positions>false</range-value-positions>
	  <invalid-values>reject</invalid-values>
	</range-path-index>
	<range-path-index>
	  <scalar-type>string</scalar-type>
	  <path-expression>/xhtml:html/xhtml:head/xhtml:meta[@name = "Priv"]/@content</path-expression>
	  <collation>http://marklogic.com/collation/</collation>
	  <range-value-positions>false</range-value-positions>
	  <invalid-values>reject</invalid-values>
	</range-path-index>
	<range-path-index>
	  <scalar-type>string</scalar-type>
	  <path-expression>/xhtml:html/xhtml:head/xhtml:meta[@name = "Sample_Rate"]/@content</path-expression>
	  <collation>http://marklogic.com/collation/</collation>
	  <range-value-positions>false</range-value-positions>
	  <invalid-values>reject</invalid-values>
	</range-path-index>
	<range-path-index>
	  <scalar-type>string</scalar-type>
	  <path-expression>/xhtml:html/xhtml:head/xhtml:meta[@name = "Track"]/@content</path-expression>
	  <collation>http://marklogic.com/collation/</collation>
	  <range-value-positions>false</range-value-positions>
	  <invalid-values>reject</invalid-values>
	</range-path-index>
	<range-path-index>
	  <scalar-type>string</scalar-type>
	  <path-expression>/xhtml:html/xhtml:head/xhtml:meta[@name = "Year"]/@content</path-expression>
	  <collation>http://marklogic.com/collation/</collation>
	  <range-value-positions>false</range-value-positions>
	  <invalid-values>reject</invalid-values>
	</range-path-index>
	<range-path-index>
	  <scalar-type>string</scalar-type>
	  <path-expression>/xhtml:html/xhtml:head/xhtml:meta[@name = "TALB"]/@content</path-expression>
	  <collation>http://marklogic.com/collation/</collation>
	  <range-value-positions>false</range-value-positions>
	  <invalid-values>reject</invalid-values>
	</range-path-index>
	<range-path-index>
	  <scalar-type>string</scalar-type>
	  <path-expression>/xhtml:html/xhtml:head/xhtml:meta[@name = "TCOM"]/@content</path-expression>
	  <collation>http://marklogic.com/collation/</collation>
	  <range-value-positions>false</range-value-positions>
	  <invalid-values>reject</invalid-values>
	</range-path-index>
	<range-path-index>
	  <scalar-type>string</scalar-type>
	  <path-expression>/xhtml:html/xhtml:head/xhtml:meta[@name = "TCON"]/@content</path-expression>
	  <collation>http://marklogic.com/collation/</collation>
	  <range-value-positions>false</range-value-positions>
	  <invalid-values>reject</invalid-values>
	</range-path-index>
	<range-path-index>
	  <scalar-type>string</scalar-type>
	  <path-expression>/xhtml:html/xhtml:head/xhtml:meta[@name = "TCOP"]/@content</path-expression>
	  <collation>http://marklogic.com/collation/</collation>
	  <range-value-positions>false</range-value-positions>
	  <invalid-values>reject</invalid-values>
	</range-path-index>
	<range-path-index>
	  <scalar-type>string</scalar-type>
	  <path-expression>/xhtml:html/xhtml:head/xhtml:meta[@name = "TDRC"]/@content</path-expression>
	  <collation>http://marklogic.com/collation/</collation>
	  <range-value-positions>false</range-value-positions>
	  <invalid-values>reject</invalid-values>
	</range-path-index>
	<range-path-index>
	  <scalar-type>string</scalar-type>
	  <path-expression>/xhtml:html/xhtml:head/xhtml:meta[@name = "TIT2"]/@content</path-expression>
	  <collation>http://marklogic.com/collation/</collation>
	  <range-value-positions>false</range-value-positions>
	  <invalid-values>reject</invalid-values>
	</range-path-index>
	<range-path-index>
	  <scalar-type>string</scalar-type>
	  <path-expression>/xhtml:html/xhtml:head/xhtml:meta[@name = "TPE1"]/@content</path-expression>
	  <collation>http://marklogic.com/collation/</collation>
	  <range-value-positions>false</range-value-positions>
	  <invalid-values>reject</invalid-values>
	</range-path-index>
	<range-path-index>
	  <scalar-type>string</scalar-type>
	  <path-expression>/xhtml:html/xhtml:head/xhtml:meta[@name = "TPE2"]/@content</path-expression>
	  <collation>http://marklogic.com/collation/</collation>
	  <range-value-positions>false</range-value-positions>
	  <invalid-values>reject</invalid-values>
	</range-path-index>
	<range-path-index>
	  <scalar-type>string</scalar-type>
	  <path-expression>/xhtml:html/xhtml:head/xhtml:meta[@name = "TPOS"]/@content</path-expression>
	  <collation>http://marklogic.com/collation/</collation>
	  <range-value-positions>false</range-value-positions>
	  <invalid-values>reject</invalid-values>
	</range-path-index>
	<range-path-index>
	  <scalar-type>string</scalar-type>
	  <path-expression>/xhtml:html/xhtml:head/xhtml:meta[@name = "TRCK"]/@content</path-expression>
	  <collation>http://marklogic.com/collation/</collation>
	  <range-value-positions>false</range-value-positions>
	  <invalid-values>reject</invalid-values>
	</range-path-index>
      </range-path-indexes>
      <fields>
	<field>
	  <field-name/>
	  <include-root>true</include-root>
	  <included-elements/>
	  <excluded-elements/>
	  <tokenizer-overrides/>
	</field>
      </fields>
      <range-field-indexes/>
      <geospatial-element-indexes/>
      <geospatial-element-child-indexes/>
      <geospatial-element-pair-indexes>
	<geospatial-element-pair-index>
	  <parent-namespace-uri/>
	  <parent-localname>location</parent-localname>
	  <latitude-namespace-uri/>
	  <latitude-localname>lat</latitude-localname>
	  <longitude-namespace-uri/>
	  <longitude-localname>lon</longitude-localname>
	  <coordinate-system>wgs84</coordinate-system>
	  <range-value-positions>true</range-value-positions>
	  <invalid-values>reject</invalid-values>
	</geospatial-element-pair-index>
	<geospatial-element-pair-index>
	  <parent-namespace-uri>http://marklogic.com/xdmp/json/basic</parent-namespace-uri>
	  <parent-localname>location</parent-localname>
	  <latitude-namespace-uri>http://marklogic.com/xdmp/json/basic</latitude-namespace-uri>
	  <latitude-localname>lat</latitude-localname>
	  <longitude-namespace-uri>http://marklogic.com/xdmp/json/basic</longitude-namespace-uri>
	  <longitude-localname>lon</longitude-localname>
	  <coordinate-system>wgs84</coordinate-system>
	  <range-value-positions>false</range-value-positions>
	  <invalid-values>reject</invalid-values>
	</geospatial-element-pair-index>
      </geospatial-element-pair-indexes>
      <geospatial-element-attribute-pair-indexes/>
      <geospatial-path-indexes/>
      <database-replication/>
      <rebalancer-enable>true</rebalancer-enable>
      <rebalancer-throttle>5</rebalancer-throttle>
      <assignment-policy>
	<assignment-policy-name>bucket</assignment-policy-name>
      </assignment-policy>
    </package-database-properties>
    <links>
      <forests-list>
	<forest-name>workplacetest-content-1</forest-name>
      </forests-list>
      <security-database>Security</security-database>
      <schema-database>Schemas</schema-database>
      <triggers-database>Triggers</triggers-database>
    </links>
  </config>
</package-database>
