<search:options xmlns:search="http://marklogic.com/appservices/search">
  <search:search-option>unfiltered</search:search-option>
  <search:page-length>10</search:page-length>
  <search:term apply="term">
    <search:empty apply="all-results"/>
    <search:term-option>punctuation-insensitive</search:term-option>
    <search:term-option>stemmed</search:term-option>
  </search:term>
  <search:grammar>
    <search:quotation>"</search:quotation>
    <search:implicit>
      <cts:and-query strength="20" xmlns:cts="http://marklogic.com/cts"/>
    </search:implicit>
    <search:starter strength="30" apply="grouping" delimiter=")">(</search:starter>
    <search:starter strength="40" apply="prefix" element="cts:not-query">-</search:starter>
    <search:joiner strength="10" apply="infix" element="cts:or-query" tokenize="word">OR</search:joiner>
    <search:joiner strength="20" apply="infix" element="cts:and-query" tokenize="word">AND</search:joiner>
    <search:joiner strength="30" apply="infix" element="cts:near-query" tokenize="word">NEAR</search:joiner>
    <search:joiner strength="30" apply="near2" consume="2" element="cts:near-query">NEAR/</search:joiner>
    <search:joiner strength="50" apply="constraint">:</search:joiner>
    <search:joiner strength="50" apply="constraint" compare="LT" tokenize="word">LT</search:joiner>
    <search:joiner strength="50" apply="constraint" compare="LE" tokenize="word">LE</search:joiner>
    <search:joiner strength="50" apply="constraint" compare="GT" tokenize="word">GT</search:joiner>
    <search:joiner strength="50" apply="constraint" compare="GE" tokenize="word">GE</search:joiner>
    <search:joiner strength="50" apply="constraint" compare="NE" tokenize="word">NE</search:joiner>
  </search:grammar>
  <search:additional-query>
    <cts:not-query xmlns:cts="http://marklogic.com/cts">
      <cts:or-query>
	<cts:collection-query>
	  <cts:uri>mljsInternalData</cts:uri>
	  <cts:uri>ontology</cts:uri>
	</cts:collection-query>
	<cts:element-query>
	  <cts:element xmlns:sem="http://marklogic.com/semantics">sem:triples</cts:element>
	  <cts:or-query/>
	</cts:element-query>
      </cts:or-query>
    </cts:not-query>
  </search:additional-query>
  <search:debug>false</search:debug>
  <search:extract-metadata>
    <search:qname elem-ns="http://marklogic.com/xdmp/json/basic" elem-name="title"/>
    <search:qname elem-ns="http://marklogic.com/xdmp/json/basic" elem-name="description"/>
    <search:qname elem-ns="http://www.w3.org/1999/xhtml" elem-name="title"/>
    <search:qname elem-ns="http://www.w3.org/1999/xhtml" elem-name="h1"/>
    <search:constraint-value ref="animal"/>
    <search:constraint-value ref="family"/>
    <search:constraint-value ref="city"/>
    <search:constraint-value ref="actor"/>
    <search:constraint-value ref="genre"/>
    <search:constraint-value ref="year"/>
    <search:constraint-value ref="month"/>
    <search:constraint-value ref="location"/>
    <search:constraint-value ref="stars"/>
    <search:constraint-value ref="originalurl"/>
  </search:extract-metadata>
  <search:transform-results apply="snippet"/>
  <search:constraint name="collection">
    <search:collection prefix="" facet="true"/>
  </search:constraint>
  <search:constraint name="location">
    <search:geo-elem-pair>
      <search:parent name="location" ns="http://marklogic.com/xdmp/json/basic"/>
      <search:lat name="lat" ns="http://marklogic.com/xdmp/json/basic"/>
      <search:lon name="lon" ns="http://marklogic.com/xdmp/json/basic"/>
      <search:geo-option>units=miles</search:geo-option>
      <search:geo-option>coordinate-system=wgs84</search:geo-option>
      <search:heatmap n="-22.601751738293885" s="-23.384274889550028" w="-43.87691212109409" e="-42.62996387890622" latdivs="14" londivs="19"/>
    </search:geo-elem-pair>
  </search:constraint>

  <search:constraint name="stars">
    <search:range type="xs:int">
      <search:element name="stars" ns="http://marklogic.com/xdmp/json/basic"/>
    </search:range>
  </search:constraint>
  <search:constraint name="datereceived">
    <search:range type="xs:date">
      <search:element name="datereceived" ns="http://marklogic.com/ns/dt"/>
    </search:range>
  </search:constraint>
  <search:constraint name="animal">
    <search:range type="xs:string" collation="http://marklogic.com/collation/">
      <search:element name="animal" ns="http://marklogic.com/xdmp/json/basic"/>
    </search:range>
  </search:constraint>
  <search:constraint name="family">
    <search:range type="xs:string" collation="http://marklogic.com/collation/">
      <search:element name="family" ns="http://marklogic.com/xdmp/json/basic"/>
    </search:range>
  </search:constraint>
  <search:constraint name="actor">
    <search:range type="xs:string" collation="http://marklogic.com/collation/">
      <search:element name="actor" ns="http://marklogic.com/xdmp/json/basic"/>
    </search:range>
  </search:constraint>
  <search:constraint name="genre">
    <search:range type="xs:string" collation="http://marklogic.com/collation/">
      <search:element name="genre" ns="http://marklogic.com/xdmp/json/basic"/>
    </search:range>
  </search:constraint>
  <search:constraint name="year">
    <search:range type="xs:string">
      <search:element name="year" ns="http://marklogic.com/xdmp/json/basic"/>
    </search:range>
  </search:constraint>
  <search:constraint name="city">
    <search:range type="xs:string" collation="http://marklogic.com/collation/">
      <search:element name="city" ns="http://marklogic.com/xdmp/json/basic"/>
    </search:range>
  </search:constraint>
  <search:constraint name="month">
    <search:range type="xs:string" collation="http://marklogic.com/collation/">
      <search:element name="month" ns="http://marklogic.com/xdmp/json/basic"/>
    </search:range>
  </search:constraint>
  <search:constraint name="originalurl">
    <search:range type="xs:string" collation="http://marklogic.com/collation/">
      <search:element name="originalurl" ns=""/>
    </search:range>
  </search:constraint>
  <search:constraint name="heading">
    <search:range type="xs:string" collation="http://marklogic.com/collation/">
      <search:element name="h1" ns="http://www.w3.org/1999/xhtml"/>
    </search:range>
  </search:constraint>

  <search:return-metrics>true</search:return-metrics>
  <search:return-qtext>true</search:return-qtext>
  <search:return-query>false</search:return-query>
  <search:return-results>true</search:return-results>
  <search:return-similar>false</search:return-similar>
  <search:sort-order direction="descending">
    <search:score/>
    <search:annotation>Relevancy (Desc)</search:annotation>
  </search:sort-order>
  <search:sort-order direction="ascending" type="xs:string" collation="http://marklogic.com/collation/en">
    <search:element name="animal" ns=""/>
    <search:annotation>Animal (Asc)</search:annotation>
  </search:sort-order>
  <search:sort-order direction="descending" type="xs:string" collation="http://marklogic.com/collation/en">
    <search:element name="animal" ns=""/>
    <search:annotation>Animal (Desc)</search:annotation>
  </search:sort-order>
  <search:sort-order direction="descending" type="xs:string" collation="http://marklogic.com/collation/en">
    <search:element name="family" ns=""/>
    <search:annotation>Family (Desc)</search:annotation>
  </search:sort-order>
  <search:sort-order direction="ascending" type="xs:string" collation="http://marklogic.com/collation/en">
    <search:element name="family" ns=""/>
    <search:annotation>Family (Asc)</search:annotation>
  </search:sort-order>
</search:options>
