<search:options xmlns:search="http://marklogic.com/appservices/search">
  <search:debug>false</search:debug>
  <search:tuples name="sender-topic">
    <search:range type="xs:string" facet="true">
      <search:path-index xmlns:i="http://www.marklogic.com/intel/intercept">/i:intercept/i:sender/i:identity-ref/i:service-id</search:path-index>
    </search:range>
      <search:range type="xs:string" collation="http://marklogic.com/collation/">
        <search:element name="topic" ns="http://www.marklogic.com/intel/intercept"/>
      </search:range>

  </search:tuples>

  <search:transform-results apply="raw"/>

  <search:constraint name="sender">
    <search:range type="xs:string" facet="true">
      <search:path-index xmlns:i="http://www.marklogic.com/intel/intercept">/i:intercept/i:sender/i:identity-ref/i:service-id</search:path-index>
      <search:facet-option>limit=10</search:facet-option>

      <search:facet-option>fragment-frequency</search:facet-option>
    </search:range>
  </search:constraint>
  <search:constraint name="topic">
    <search:range type="xs:string" collation="http://marklogic.com/collation/">
      <search:element name="topic" ns="http://www.marklogic.com/intel/intercept"/>
    </search:range>
  </search:constraint>

  <search:page-length>10</search:page-length>
  <search:return-metrics>true</search:return-metrics>
  <search:return-qtext>true</search:return-qtext>

  <search:return-query>false</search:return-query>
  <search:return-results>false</search:return-results>
  <search:return-similar>false</search:return-similar>
  <search:sort-order direction="descending">
    <search:score/>
    <search:annotation>Relevancy (Desc)</search:annotation>
  </search:sort-order>


  <search:return-values>true</search:return-values>
  <search:return-facets>false</search:return-facets>
</search:options>
