<?xml version="1.0" encoding="UTF-8"?>
<workplace><pages><page uri="/admin/workplace/1416015942612-27121290.json"><json type="object" xmlns="http://marklogic.com/xdmp/json/basic"><title type="string">Semantics</title><actions type="object"><onload type="array"/><onunload type="array"/></actions><contexts type="array"><json type="object"><context type="string">searchcontext1</context><type type="string">SearchContext</type><config type="object"/><register type="array"><item type="string">sparqlbar1</item><item type="string">sparqlresults1</item><item type="string">entityfacts1</item></register></json><json type="object"><context type="string">semanticcontext1</context><type type="string">SemanticContext</type><config type="object"><limit type="number">10</limit><contentMode type="string">full</contentMode><ontologyGraph type="string">none</ontologyGraph><includeDefaultOntology type="boolean">true</includeDefaultOntology></config><register type="array"><item type="string">sparqlbar1</item><item type="string">sparqlresults1</item><item type="string">entityfacts1</item></register></json><json type="object"><context type="string">geocontext1</context><type type="string">GeoContext</type><config type="object"/><register type="array"><item type="string">sparqlbar1</item><item type="string">sparqlresults1</item><item type="string">entityfacts1</item></register></json><json type="object"><context type="string">doccontext1</context><type type="string">DocumentContext</type><config type="object"/><register type="array"><item type="string">sparqlbar1</item><item type="string">sparqlresults1</item><item type="string">entityfacts1</item></register></json><json type="object"><context type="string">alertcontext1</context><type type="string">AlertContext</type><config type="object"/><register type="array"><item type="string">sparqlbar1</item><item type="string">sparqlresults1</item><item type="string">entityfacts1</item></register></json><json type="object"><context type="string">datacontext1</context><type type="string">DataContext</type><config type="object"/><register type="array"><item type="string">sparqlbar1</item><item type="string">sparqlresults1</item><item type="string">entityfacts1</item></register></json></contexts><widgets type="array"><json type="object"><widget type="string">sparqlbar1</widget><type type="string">com.marklogic.widgets.sparqlbar</type><config type="object"><suggestionsEnabled type="boolean">true</suggestionsEnabled><suggestionRdfTypeIri type="string"/><suggestionPredicateIri type="string"/><suggestionDestinationElementId type="string"/><lang type="string"/></config></json><json type="object"><widget type="string">sparqlresults1</widget><type type="string">com.marklogic.widgets.sparqlresults</type><config type="object"><mode type="string">none</mode></config></json><json type="object"><widget type="string">entityfacts1</widget><type type="string">com.marklogic.widgets.entityfacts</type><config type="object"><mode type="string">selectedsubject</mode><explorerUrlSpec type="string">/explorer.html5?iri=#IRI#</explorerUrlSpec></config></json></widgets><assignments type="array"><json type="object"><widget type="string">sparqlbar1</widget><zone type="string">A</zone><order type="number">1</order></json><json type="object"><widget type="string">sparqlresults1</widget><zone type="string">A</zone><order type="number">2</order></json><json type="object"><widget type="string">entityfacts1</widget><zone type="string">A</zone><order type="number">3</order></json></assignments><layout type="string">column</layout><urls type="array"><item type="string">/semantics.html5</item></urls><shared type="boolean">false</shared></json></page><page uri="/admin/workplace/1418920171630-91308710.json"><json type="object" xmlns="http://marklogic.com/xdmp/json/basic"><shared type="boolean">false</shared><widgets type="array"><json type="object"><widget type="string">highcharts1</widget><type type="string">com.marklogic.widgets.highcharts</type><config type="object"><title type="string">Line</title><subtitle type="string"/><xTitle type="string">City</xTitle><yTitle type="string">Temp</yTitle><type type="string">line</type><series type="array"><json type="object"><nameSourceType type="string">element</nameSourceType><nameSource type="string">city</nameSource><autoCategories type="boolean">true</autoCategories><categorySourceType type="string">element</categorySourceType><categorySource type="string">month</categorySource><valueSourceType type="string">element</valueSourceType><valueSource type="string">reading.temp</valueSource><aggregateFunction type="string">mean</aggregateFunction></json></series></config></json><json type="object"><widget type="string">highcharts3</widget><type type="string">com.marklogic.widgets.highcharts</type><config type="object"><title type="string">Spline</title><subtitle type="string"/><xTitle type="string"/><yTitle type="string"/><type type="string">spline</type><series type="array"><json type="object"><nameSourceType type="string">element</nameSourceType><nameSource type="string">city</nameSource><autoCategories type="boolean">true</autoCategories><categorySourceType type="string">element</categorySourceType><categorySource type="string">month</categorySource><valueSourceType type="string">element</valueSourceType><valueSource type="string">reading.temp</valueSource><aggregateFunction type="string">mean</aggregateFunction></json></series></config></json><json type="object"><widget type="string">highcharts5</widget><type type="string">com.marklogic.widgets.highcharts</type><config type="object"><title type="string">Column</title><subtitle type="string"/><xTitle type="string"/><yTitle type="string"/><type type="string">column</type><series type="array"><json type="object"><nameSourceType type="string">element</nameSourceType><nameSource type="string">city</nameSource><autoCategories type="boolean">true</autoCategories><categorySourceType type="string">element</categorySourceType><categorySource type="string">month</categorySource><valueSourceType type="string">element</valueSourceType><valueSource type="string">reading.temp</valueSource><aggregateFunction type="string">mean</aggregateFunction></json></series></config></json><json type="object"><widget type="string">highcharts2</widget><type type="string">com.marklogic.widgets.highcharts</type><config type="object"><title type="string">Bar</title><subtitle type="string"/><xTitle type="string">City</xTitle><yTitle type="string">Temp</yTitle><type type="string">bar</type><series type="array"><json type="object"><nameSourceType type="string">element</nameSourceType><nameSource type="string">city</nameSource><autoCategories type="boolean">true</autoCategories><categorySourceType type="string">element</categorySourceType><categorySource type="string">month</categorySource><valueSourceType type="string">element</valueSourceType><valueSource type="string">reading.temp</valueSource><aggregateFunction type="string">mean</aggregateFunction></json></series></config></json><json type="object"><widget type="string">highcharts4</widget><type type="string">com.marklogic.widgets.highcharts</type><config type="object"><title type="string">Area</title><subtitle type="string"/><xTitle type="string"/><yTitle type="string"/><type type="string">area</type><series type="array"><json type="object"><nameSourceType type="string">element</nameSourceType><nameSource type="string">city</nameSource><autoCategories type="boolean">true</autoCategories><categorySourceType type="string">element</categorySourceType><categorySource type="string">month</categorySource><valueSourceType type="string">element</valueSourceType><valueSource type="string">reading.temp</valueSource><aggregateFunction type="string">mean</aggregateFunction></json></series></config></json><json type="object"><widget type="string">highcharts6</widget><type type="string">com.marklogic.widgets.highcharts</type><config type="object"><title type="string">Pie</title><subtitle type="string">Animal Family</subtitle><xTitle type="string"/><yTitle type="string"/><type type="string">pie</type><series type="array"><json type="object"><nameSourceType type="string">fixed</nameSourceType><nameSource type="string">Family</nameSource><autoCategories type="boolean">true</autoCategories><categorySourceType type="string">facet</categorySourceType><categorySource type="string">family</categorySource><valueSourceType type="string">facet</valueSourceType><valueSource type="string">family</valueSource><aggregateFunction type="string">none</aggregateFunction></json></series></config></json></widgets><assignments type="array"><json type="object"><widget type="string">highcharts1</widget><zone type="string">A</zone><order type="number">1</order></json><json type="object"><widget type="string">highcharts3</widget><zone type="string">A</zone><order type="number">2</order></json><json type="object"><widget type="string">highcharts5</widget><zone type="string">A</zone><order type="number">3</order></json><json type="object"><widget type="string">highcharts2</widget><zone type="string">B</zone><order type="number">1</order></json><json type="object"><widget type="string">highcharts4</widget><zone type="string">B</zone><order type="number">2</order></json><json type="object"><widget type="string">highcharts6</widget><zone type="string">B</zone><order type="number">3</order></json></assignments><contexts type="array"><json type="object"><context type="string">searchcontext1</context><type type="string">SearchContext</type><register type="array"><item type="string">highcharts1</item><item type="string">highcharts2</item><item type="string">highcharts3</item><item type="string">highcharts4</item><item type="string">highcharts5</item><item type="string">highcharts6</item></register><config type="object"><options type="string"/><optionsName type="string">temperatures</optionsName><sortWord type="string"/><defaultQuery type="string"/><collection type="string">temperatures</collection><directory type="string"/><transform type="string"/><format type="string"/><searchEndpoint type="string">search</searchEndpoint><tuples type="array"/></config></json><json type="object"><context type="string">searchcontext2</context><type type="string">SearchContext</type><register type="array"><item type="string">highcharts6</item></register><config type="object"><options type="string"/><optionsName type="string">animals</optionsName><sortWord type="string"/><defaultQuery type="string"/><collection type="string">animals</collection><directory type="string"/><transform type="string"/><format type="string"/><searchEndpoint type="string">search</searchEndpoint><tuples type="array"/></config></json></contexts><actions type="object"><onload type="array"><json type="object"><type type="string">javascript</type><action type="string">searchcontext1.doSimpleQuery</action><config type="object"><target type="string">searchcontext1</target><method type="string">doSimpleQuery</method><parameters type="array"><json type="object"><type type="string">string</type><value type="string"/></json></parameters></config></json><json type="object"><type type="string">javascript</type><action type="string">searchcontext2.doSimpleQuery</action><config type="object"><target type="string">searchcontext2</target><method type="string">doSimpleQuery</method><parameters type="array"><json type="object"><type type="string">string</type><value type="string"/></json></parameters></config></json></onload><onunload type="array"/></actions><layout type="string">twocolumns</layout><title type="string">Charts</title><urls type="array"><item type="string">/charts.html5</item></urls></json></page><page uri="/admin/workplace/1418923330392-51888690.json"><json type="object" xmlns="http://marklogic.com/xdmp/json/basic"><title type="string">Tag Cloud</title><actions type="object"><onload type="array"><json type="object"><type type="string">javascript</type><action type="string">searchcontext1.doSimpleQuery</action><config type="object"><target type="string">searchcontext1</target><method type="string">doSimpleQuery</method><parameters type="array"><json type="object"><type type="string">string</type><value type="string">collection:movies</value></json></parameters></config></json></onload><onunload type="array"/></actions><contexts type="array"><json type="object"><context type="string">searchcontext1</context><type type="string">SearchContext</type><config type="object"><options type="string"/><optionsName type="string">all</optionsName><sortWord type="string"/><defaultQuery type="string"/><collection type="string"/><directory type="string"/><transform type="string"/><format type="string"/><searchEndpoint type="string">search</searchEndpoint><tuples type="array"/></config><register type="array"><item type="string">tagcloud1</item><item type="string">tagcloud2</item></register></json></contexts><widgets type="array"><json type="object"><widget type="string">tagcloud1</widget><type type="string">com.marklogic.widgets.tagcloud</type><config type="object"><facet type="string">genre</facet></config></json><json type="object"><widget type="string">tagcloud2</widget><type type="string">com.marklogic.widgets.tagcloud</type><config type="object"><facet type="string">actor</facet></config></json></widgets><assignments type="array"><json type="object"><widget type="string">tagcloud1</widget><zone type="string">A</zone><order type="number">1</order></json><json type="object"><widget type="string">tagcloud2</widget><zone type="string">B</zone><order type="number">1</order></json></assignments><layout type="string">twocolumns</layout><urls type="array"><item type="string">/tagcloud.html5</item></urls><shared type="boolean">false</shared></json></page><page uri="/admin/workplace/1416400447347-52283011.json"><json type="object" xmlns="http://marklogic.com/xdmp/json/basic"><title type="string">Keylines</title><actions type="object"><onload type="array"><json type="object"><type type="string">javascript</type><action type="string">semanticcontext1.subjectFacts</action><config type="object"><target type="string">semanticcontext1</target><method type="string">subjectFacts</method><parameters type="array"><json type="object"><type type="string">string</type><value type="string">http://marklogic.com/semantic/targets/people/adam</value></json></parameters></config></json></onload><onunload type="array"/></actions><contexts type="array"><json type="object"><context type="string">semanticcontext1</context><type type="string">SemanticContext</type><config type="object"><limit type="number">10</limit><contentMode type="string">full</contentMode><ontologyGraph type="string">none</ontologyGraph><includeDefaultOntology type="boolean">true</includeDefaultOntology></config><register type="array"><item type="string">keylines1</item></register></json></contexts><widgets type="array"><json type="object"><widget type="string">keylines1</widget><type type="string">com.marklogic.widgets.keylines</type><config type="object"/></json></widgets><assignments type="array"><json type="object"><widget type="string">keylines1</widget><zone type="string">A</zone><order type="number">1</order></json></assignments><layout type="string">column</layout><urls type="array"><item type="string">/explorer.html5</item></urls><shared type="boolean">false</shared></json></page><page uri="/admin/workplace/1418922510348-97332586.json"><json type="object" xmlns="http://marklogic.com/xdmp/json/basic"><title type="string">Co-occurence</title><actions type="object"><onload type="array"><json type="object"><type type="string">javascript</type><action type="string">searchcontext1.doSimpleQuery</action><config type="object"><target type="string">searchcontext1</target><method type="string">doSimpleQuery</method><parameters type="array"/></config></json></onload><onunload type="array"/></actions><contexts type="array"><json type="object"><context type="string">searchcontext1</context><type type="string">SearchContext</type><config type="object"><options type="string"/><optionsName type="string">actor-genre-year</optionsName><sortWord type="string"/><defaultQuery type="string"/><collection type="string"/><directory type="string"/><transform type="string"/><format type="string"/><searchEndpoint type="string">values</searchEndpoint><tuples type="array"><json type="object"><name type="string">actor-genre</name></json><json type="object"><name type="string">actor-year</name></json><json type="object"><name type="string">actor-genre-year</name></json></tuples></config><register type="array"><item type="string">cooccurence1</item><item type="string">cooccurence2</item><item type="string">cooccurence3</item></register></json></contexts><widgets type="array"><json type="object"><widget type="string">cooccurence1</widget><type type="string">com.marklogic.widgets.cooccurence</type><config type="object"><title type="string">Actor vs Genre</title><displayTuple type="string">actor-genre</displayTuple></config></json><json type="object"><widget type="string">cooccurence3</widget><type type="string">com.marklogic.widgets.cooccurence</type><config type="object"><title type="string">Actor vs. Genre vs. Year</title><displayTuple type="string">actor-genre-year</displayTuple></config></json><json type="object"><widget type="string">cooccurence2</widget><type type="string">com.marklogic.widgets.cooccurence</type><config type="object"><title type="string">Actor vs. Year</title><displayTuple type="string">actor-year</displayTuple></config></json></widgets><assignments type="array"><json type="object"><widget type="string">cooccurence1</widget><zone type="string">A</zone><order type="number">1</order></json><json type="object"><widget type="string">cooccurence3</widget><zone type="string">A</zone><order type="number">2</order></json><json type="object"><widget type="string">cooccurence2</widget><zone type="string">B</zone><order type="number">1</order></json></assignments><layout type="string">twocolumns</layout><urls type="array"><item type="string">/cooccurence.html5</item></urls><shared type="boolean">false</shared></json></page><page uri="/admin/workplace/1416240933723-19852662.json"><json type="object" xmlns="http://marklogic.com/xdmp/json/basic"><title type="string">Search</title><actions type="object"><onload type="array"><json type="object"><type type="string">javascript</type><action type="string">searchcontext1.doSimpleQuery</action><config type="object"><target type="string">searchcontext1</target><method type="string">doSimpleQuery</method><parameters type="array"/></config></json></onload><onunload type="array"/></actions><contexts type="array"><json type="object"><context type="string">searchcontext1</context><type type="string">SearchContext</type><config type="object"><options type="string"/><optionsName type="string"/><sortWord type="string"/><defaultQuery type="string"/><collection type="string"/><directory type="string"/><transform type="string"/><format type="string"/><searchEndpoint type="string">search</searchEndpoint><tuples type="array"/></config><register type="array"><item type="string">searchfacets2</item><item type="string">searchbar2</item><item type="string">searchpager1</item><item type="string">searchresults2</item></register></json></contexts><widgets type="array"><json type="object"><widget type="string">searchfacets2</widget><type type="string">com.marklogic.widgets.searchfacets</type><config type="object"><listSize type="number">5</listSize><extendedSize type="number">10</extendedSize><allowShowAll type="boolean">true</allowShowAll><hideEmptyFacets type="boolean">true</hideEmptyFacets></config></json><json type="object"><widget type="string">searchbar2</widget><type type="string">com.marklogic.widgets.searchbar</type><config type="object"/></json><json type="object"><widget type="string">searchpager1</widget><type type="string">com.marklogic.widgets.searchpager</type><config type="object"/></json><json type="object"><widget type="string">searchresults2</widget><type type="string">com.marklogic.widgets.searchresults</type><config type="object"><selectionMode type="string">append</selectionMode></config></json></widgets><assignments type="array"><json type="object"><widget type="string">searchfacets2</widget><zone type="string">A</zone><order type="number">1</order></json><json type="object"><widget type="string">searchbar2</widget><zone type="string">B</zone><order type="number">1</order></json><json type="object"><widget type="string">searchpager1</widget><zone type="string">B</zone><order type="number">2</order></json><json type="object"><widget type="string">searchresults2</widget><zone type="string">B</zone><order type="number">3</order></json></assignments><layout type="string">thinthick</layout><urls type="array"><item type="string">/search.html5</item></urls><shared type="boolean">false</shared></json></page><page uri="/admin/workplace/1415279570638-59024318.json"><json type="object" xmlns="http://marklogic.com/xdmp/json/basic"><title type="string">Geo</title><actions type="object"><onload type="array"><json type="object"><type type="string">javascript</type><action type="string">searchcontext1.doSimpleQuery</action><config type="object"><target type="string">searchcontext1</target><method type="string">doSimpleQuery</method><parameters type="array"><json type="object"><type type="string">string</type><value type="string">collection:attractions</value></json></parameters></config></json></onload><onunload type="array"/></actions><contexts type="array"><json type="object"><context type="string">searchcontext1</context><type type="string">SearchContext</type><config type="object"><options type="string"/><optionsName type="string"/><sortWord type="string"/><defaultQuery type="string"/><collection type="string">attractions</collection><directory type="string"/><transform type="string"/><format type="string"/><searchEndpoint type="string">search</searchEndpoint><tuples type="array"/></config><register type="array"><item type="string">openlayers1</item><item type="string">searchbar1</item><item type="string">searchfacets1</item><item type="string">searchresults1</item></register></json><json type="object"><context type="string">geocontext1</context><type type="string">GeoContext</type><config type="object"/><register type="array"><item type="string">openlayers1</item><item type="string">searchbar1</item><item type="string">searchfacets1</item><item type="string">searchresults1</item></register></json><json type="object"><context type="string">alertcontext1</context><type type="string">AlertContext</type><config type="object"/><register type="array"><item type="string">openlayers1</item><item type="string">searchbar1</item><item type="string">searchfacets1</item><item type="string">searchresults1</item></register></json><json type="object"><context type="string">datacontext1</context><type type="string">DataContext</type><config type="object"><splitby type="string">source</splitby><splitfield type="string"/><sources type="array"><json type="object"><name type="string">data</name><sourceSearchContext type="string">searchcontext1</sourceSearchContext><sourceSemanticContext type="string">semanticcontext1</sourceSemanticContext><type type="string">2</type><identity type="string">_uri</identity></json></sources><fields type="array"><json type="object"><name type="string">_uri</name><type type="string">uri</type></json><json type="object"><name type="string">location</name><type type="string">point</type></json></fields></config><register type="array"><item type="string">openlayers1</item><item type="string">searchbar1</item><item type="string">searchfacets1</item><item type="string">searchresults1</item></register></json></contexts><widgets type="array"><json type="object"><widget type="string">searchfacets1</widget><type type="string">com.marklogic.widgets.searchfacets</type><config type="object"><listSize type="number">5</listSize><extendedSize type="number">10</extendedSize><allowShowAll type="boolean">true</allowShowAll><hideEmptyFacets type="boolean">true</hideEmptyFacets></config></json><json type="object"><widget type="string">searchbar1</widget><type type="string">com.marklogic.widgets.searchbar</type><config type="object"/></json><json type="object"><widget type="string">openlayers1</widget><type type="string">com.marklogic.widgets.openlayers</type><config type="object"><showGoogleStreet type="boolean">false</showGoogleStreet><showArcGISOnline type="boolean">false</showArcGISOnline><showAllBing type="boolean">false</showAllBing><constraint-name type="string">location</constraint-name><heatmapGranularity type="number">256</heatmapGranularity><startLat type="string">51.5034</startLat><startLon type="string">-0.119519</startLon><startZoom type="string">13</startZoom><series type="array"><json type="object"><title type="string">Search Data</title><searchcontext type="string">searchcontext1</searchcontext><latsrc type="string">lat</latsrc><lonsrc type="string">lon</lonsrc><titlesrc type="string">title</titlesrc><summarysrc type="string">description</summarysrc><iconsrc type="string"/><heatmapconstraint type="string">location</heatmapconstraint></json></series><titlepattern type="string">#title#</titlepattern><summarypattern type="string">#description#&lt;br/&gt;Rating: #stars#*</summarypattern><iconpattern type="string">/images/icon-#collection#.png</iconpattern><iconwidth type="string">36</iconwidth><iconheight type="string">36</iconheight><iconoffsetx type="string">-18</iconoffsetx><iconoffsety type="string">-36</iconoffsety><viewlinkpattern type="string">/view.html5?uri=#_uri#</viewlinkpattern></config></json><json type="object"><widget type="string">searchresults1</widget><type type="string">com.marklogic.widgets.searchresults</type><config type="object"><selectionMode type="string">append</selectionMode></config></json></widgets><assignments type="array"><json type="object"><widget type="string">searchfacets1</widget><zone type="string">A</zone><order type="number">1</order></json><json type="object"><widget type="string">searchbar1</widget><zone type="string">B</zone><order type="number">1</order></json><json type="object"><widget type="string">openlayers1</widget><zone type="string">B</zone><order type="number">2</order></json><json type="object"><widget type="string">searchresults1</widget><zone type="string">B</zone><order type="number">3</order></json></assignments><layout type="string">thinthick</layout><urls type="array"><item type="string">/geosearch.html5</item></urls><shared type="boolean">false</shared></json></page><page uri="/admin/workplace/1415799595909-10927228.json"><json type="object" xmlns="http://marklogic.com/xdmp/json/basic"><title type="string">View</title><actions type="object"><onload type="array"><json type="object"><type type="string">javascript</type><action type="string">doccontext1.getContent</action><config type="object"><target type="string">doccontext1</target><method type="string">getContent</method><parameters type="array"><json type="object"><type type="string">queryStringParameter</type><value type="string">uri</value></json></parameters></config></json><json type="object"><type type="string">javascript</type><action type="string">doccontext1.getProperties</action><config type="object"><target type="string">doccontext1</target><method type="string">getProperties</method><parameters type="array"><json type="object"><type type="string">queryStringParameter</type><value type="string">uri</value></json></parameters></config></json></onload><onunload type="array"/></actions><contexts type="array"><json type="object"><context type="string">searchcontext1</context><type type="string">SearchContext</type><config type="object"/><register type="array"><item type="string">docproperties1</item><item type="string">docheadviewer1</item><item type="string">docviewer1</item></register></json><json type="object"><context type="string">semanticcontext1</context><type type="string">SemanticContext</type><config type="object"/><register type="array"><item type="string">docproperties1</item><item type="string">docheadviewer1</item><item type="string">docviewer1</item></register></json><json type="object"><context type="string">geocontext1</context><type type="string">GeoContext</type><config type="object"/><register type="array"><item type="string">docproperties1</item><item type="string">docheadviewer1</item><item type="string">docviewer1</item></register></json><json type="object"><context type="string">doccontext1</context><type type="string">DocumentContext</type><config type="object"/><register type="array"><item type="string">docproperties1</item><item type="string">docheadviewer1</item><item type="string">docviewer1</item></register></json><json type="object"><context type="string">alertcontext1</context><type type="string">AlertContext</type><config type="object"/><register type="array"><item type="string">docproperties1</item><item type="string">docheadviewer1</item><item type="string">docviewer1</item></register></json><json type="object"><context type="string">datacontext1</context><type type="string">DataContext</type><config type="object"/><register type="array"><item type="string">docproperties1</item><item type="string">docheadviewer1</item><item type="string">docviewer1</item></register></json></contexts><widgets type="array"><json type="object"><widget type="string">docproperties1</widget><type type="string">com.marklogic.widgets.docproperties</type><config type="object"><showEditControls type="boolean">true</showEditControls></config></json><json type="object"><widget type="string">docheadviewer1</widget><type type="string">com.marklogic.widgets.docheadviewer</type><config type="object"/></json><json type="object"><widget type="string">docviewer1</widget><type type="string">com.marklogic.widgets.docviewer</type><config type="object"/></json></widgets><assignments type="array"><json type="object"><widget type="string">docproperties1</widget><zone type="string">A</zone><order type="number">1</order></json><json type="object"><widget type="string">docheadviewer1</widget><zone type="string">A</zone><order type="number">2</order></json><json type="object"><widget type="string">docviewer1</widget><zone type="string">A</zone><order type="number">3</order></json></assignments><layout type="string">column</layout><urls type="array"><item type="string">/view.html5</item></urls><shared type="boolean">false</shared></json></page><page uri="/admin/workplace/1418922912570-73768685.json"><json type="object" xmlns="http://marklogic.com/xdmp/json/basic"><title type="string">Chart Search</title><actions type="object"><onload type="array"><json type="object"><type type="string">javascript</type><action type="string">searchcontext1.doSimpleQuery</action><config type="object"><target type="string">searchcontext1</target><method type="string">doSimpleQuery</method><parameters type="array"/></config></json></onload><onunload type="array"/></actions><contexts type="array"><json type="object"><context type="string">searchcontext1</context><type type="string">SearchContext</type><config type="object"><options type="string"/><optionsName type="string">all</optionsName><sortWord type="string"/><defaultQuery type="string"/><collection type="string"/><directory type="string"/><transform type="string"/><format type="string"/><searchEndpoint type="string">search</searchEndpoint><tuples type="array"/></config><register type="array"><item type="string">searchbar1</item><item type="string">highcharts1</item><item type="string">searchfacets1</item><item type="string">searchresults1</item></register></json></contexts><widgets type="array"><json type="object"><widget type="string">searchfacets1</widget><type type="string">com.marklogic.widgets.searchfacets</type><config type="object"><listSize type="number">5</listSize><extendedSize type="number">10</extendedSize><allowShowAll type="boolean">true</allowShowAll><hideEmptyFacets type="boolean">true</hideEmptyFacets></config></json><json type="object"><widget type="string">searchbar1</widget><type type="string">com.marklogic.widgets.searchbar</type><config type="object"/></json><json type="object"><widget type="string">highcharts1</widget><type type="string">com.marklogic.widgets.highcharts</type><config type="object"><title type="string">Animals</title><subtitle type="string"/><xTitle type="string"/><yTitle type="string"/><type type="string">pie</type><series type="array"><json type="object"><nameSourceType type="string">fixed</nameSourceType><nameSource type="string">Family</nameSource><autoCategories type="boolean">true</autoCategories><categorySourceType type="string">facet</categorySourceType><categorySource type="string">family</categorySource><valueSourceType type="string">facet</valueSourceType><valueSource type="string">family</valueSource><aggregateFunction type="string">none</aggregateFunction></json></series></config></json><json type="object"><widget type="string">searchresults1</widget><type type="string">com.marklogic.widgets.searchresults</type><config type="object"><selectionMode type="string">append</selectionMode></config></json></widgets><assignments type="array"><json type="object"><widget type="string">searchfacets1</widget><zone type="string">A</zone><order type="number">1</order></json><json type="object"><widget type="string">searchbar1</widget><zone type="string">B</zone><order type="number">1</order></json><json type="object"><widget type="string">highcharts1</widget><zone type="string">B</zone><order type="number">2</order></json><json type="object"><widget type="string">searchresults1</widget><zone type="string">B</zone><order type="number">3</order></json></assignments><layout type="string">thinthick</layout><urls type="array"><item type="string">/chartsearch.html5</item></urls><shared type="boolean">false</shared></json></page></pages></workplace>
