<?xml version="1.0" encoding="UTF-8"?>
<workplace><pages><page uri="/admin/workplace/1416015942612-27121290.json"><json type="object" xmlns="http://marklogic.com/xdmp/json/basic"><title type="string">Semantics</title><actions type="object"><onload type="array"/><onunload type="array"/></actions><contexts type="array"><json type="object"><context type="string">searchcontext1</context><type type="string">SearchContext</type><config type="object"/><register type="array"><item type="string">sparqlbar1</item><item type="string">sparqlresults1</item><item type="string">entityfacts1</item></register></json><json type="object"><context type="string">semanticcontext1</context><type type="string">SemanticContext</type><config type="object"><limit type="number">10</limit><contentMode type="string">full</contentMode><ontologyGraph type="string">ontology</ontologyGraph><includeDefaultOntology type="boolean">false</includeDefaultOntology></config><register type="array"><item type="string">sparqlbar1</item><item type="string">sparqlresults1</item><item type="string">entityfacts1</item></register></json><json type="object"><context type="string">geocontext1</context><type type="string">GeoContext</type><config type="object"/><register type="array"><item type="string">sparqlbar1</item><item type="string">sparqlresults1</item><item type="string">entityfacts1</item></register></json><json type="object"><context type="string">doccontext1</context><type type="string">DocumentContext</type><config type="object"/><register type="array"><item type="string">sparqlbar1</item><item type="string">sparqlresults1</item><item type="string">entityfacts1</item></register></json><json type="object"><context type="string">alertcontext1</context><type type="string">AlertContext</type><config type="object"/><register type="array"><item type="string">sparqlbar1</item><item type="string">sparqlresults1</item><item type="string">entityfacts1</item></register></json><json type="object"><context type="string">datacontext1</context><type type="string">DataContext</type><config type="object"/><register type="array"><item type="string">sparqlbar1</item><item type="string">sparqlresults1</item><item type="string">entityfacts1</item></register></json></contexts><widgets type="array"><json type="object"><widget type="string">sparqlbar1</widget><type type="string">com.marklogic.widgets.sparqlbar</type><config type="object"><suggestionsEnabled type="boolean">true</suggestionsEnabled><suggestionRdfTypeIri type="string"/><suggestionPredicateIri type="string"/><suggestionDestinationElementId type="string"/><lang type="string"/></config></json><json type="object"><widget type="string">sparqlresults1</widget><type type="string">com.marklogic.widgets.sparqlresults</type><config type="object"><mode type="string">none</mode></config></json><json type="object"><widget type="string">entityfacts1</widget><type type="string">com.marklogic.widgets.entityfacts</type><config type="object"><mode type="string">selectedsubject</mode><explorerUrlSpec type="string">/explorer.html5?iri=#IRI#</explorerUrlSpec></config></json></widgets><assignments type="array"><json type="object"><widget type="string">sparqlbar1</widget><zone type="string">A</zone><order type="number">1</order></json><json type="object"><widget type="string">sparqlresults1</widget><zone type="string">A</zone><order type="number">2</order></json><json type="object"><widget type="string">entityfacts1</widget><zone type="string">A</zone><order type="number">3</order></json></assignments><layout type="string">column</layout><urls type="array"><item type="string">/semantics.html5</item></urls><shared type="boolean">false</shared></json></page><page uri="/admin/workplace/1416267155412-43692125.json"><json type="object" xmlns="http://marklogic.com/xdmp/json/basic"><title type="string">Explore</title><actions type="object"><onload type="array"><json type="object"><type type="string">javascript</type><action type="string">semanticcontext1.subjectFacts</action><config type="object"><target type="string">semanticcontext1</target><method type="string">subjectFacts</method><parameters type="array"><json type="object"><type type="string">queryStringParameter</type><value type="string">iri</value></json></parameters></config></json><json type="object"><type type="string">javascript</type><action type="string">graphexplorer1.drawSubject</action><config type="object"><target type="string">graphexplorer1</target><method type="string">drawSubject</method><parameters type="array"><json type="object"><type type="string">queryStringParameter</type><value type="string">iri</value></json></parameters></config></json></onload><onunload type="array"/></actions><contexts type="array"><json type="object"><context type="string">searchcontext1</context><type type="string">SearchContext</type><config type="object"/><register type="array"><item type="string">graphexplorer1</item></register></json><json type="object"><context type="string">semanticcontext1</context><type type="string">SemanticContext</type><config type="object"><limit type="number">10</limit><contentMode type="string">full</contentMode><ontologyGraph type="string">ontology</ontologyGraph><includeDefaultOntology type="boolean">false</includeDefaultOntology></config><register type="array"><item type="string">graphexplorer1</item></register></json><json type="object"><context type="string">geocontext1</context><type type="string">GeoContext</type><config type="object"/><register type="array"><item type="string">graphexplorer1</item></register></json><json type="object"><context type="string">doccontext1</context><type type="string">DocumentContext</type><config type="object"/><register type="array"><item type="string">graphexplorer1</item></register></json><json type="object"><context type="string">alertcontext1</context><type type="string">AlertContext</type><config type="object"/><register type="array"><item type="string">graphexplorer1</item></register></json><json type="object"><context type="string">datacontext1</context><type type="string">DataContext</type><config type="object"/><register type="array"><item type="string">graphexplorer1</item></register></json></contexts><widgets type="array"><json type="object"><widget type="string">graphexplorer1</widget><type type="string">com.marklogic.widgets.graphexplorer</type><config type="object"/></json></widgets><assignments type="array"><json type="object"><widget type="string">graphexplorer1</widget><zone type="string">A</zone><order type="number">1</order></json></assignments><layout type="string">column</layout><urls type="array"><item type="string">/explorerold.html5</item></urls><shared type="boolean">false</shared></json></page><page uri="/admin/workplace/1416499576715-12794991.json"><json type="object" xmlns="http://marklogic.com/xdmp/json/basic"><title type="string">Login</title><actions type="object"><onload type="array"/><onunload type="array"/></actions><contexts type="array"/><widgets type="array"><json type="object"><widget type="string">loginout1</widget><type type="string">com.marklogic.widgets.loginout</type><config type="object"/></json></widgets><assignments type="array"><json type="object"><widget type="string">loginout1</widget><zone type="string">A</zone><order type="number">1</order></json></assignments><layout type="string">column</layout><urls type="array"><item type="string">/login.html5</item></urls><shared type="boolean">false</shared></json></page><page uri="/admin/workplace/1416400447347-52283011.json"><json type="object" xmlns="http://marklogic.com/xdmp/json/basic"><title type="string">Keylines</title><actions type="object"><onload type="array"><json type="object"><type type="string">javascript</type><action type="string">semanticcontext1.subjectFacts</action><config type="object"><target type="string">semanticcontext1</target><method type="string">subjectFacts</method><parameters type="array"><json type="object"><type type="string">queryStringParameter</type><value type="string">iri</value></json></parameters></config></json></onload><onunload type="array"/></actions><contexts type="array"><json type="object"><context type="string">semanticcontext1</context><type type="string">SemanticContext</type><config type="object"><limit type="number">10</limit><contentMode type="string">full</contentMode><ontologyGraph type="string">ontology</ontologyGraph><includeDefaultOntology type="boolean">false</includeDefaultOntology></config><register type="array"><item type="string">keylines1</item></register></json></contexts><widgets type="array"><json type="object"><widget type="string">keylines1</widget><type type="string">com.marklogic.widgets.keylines</type><config type="object"/></json></widgets><assignments type="array"><json type="object"><widget type="string">keylines1</widget><zone type="string">A</zone><order type="number">1</order></json></assignments><layout type="string">column</layout><urls type="array"><item type="string">/explorer.html5</item></urls><shared type="boolean">false</shared></json></page><page uri="/admin/workplace/1416479684647-90414632.json"><json type="object" xmlns="http://marklogic.com/xdmp/json/basic"><title type="string">Upload Report</title><actions type="object"><onload type="array"/><onunload type="array"/></actions><contexts type="array"><json type="object"><context type="string">doccontext1</context><type type="string">DocumentContext</type><config type="object"/><register type="array"><item type="string">upload1</item></register></json></contexts><widgets type="array"><json type="object"><widget type="string">upload1</widget><type type="string">com.marklogic.widgets.upload</type><config type="object"><uriPrefix type="string">/uploads/</uriPrefix><collections type="array"><json type="object"><collection type="string">uploads</collection></json></collections><readClasses type="array"><json type="object"><role type="string">unclassified</role></json></readClasses><writeClasses type="array"><json type="object"><role type="string">unclassified</role></json></writeClasses><forwardUrl type="string">/markings.html5?uri=#URI#</forwardUrl></config></json></widgets><assignments type="array"><json type="object"><widget type="string">upload1</widget><zone type="string">A</zone><order type="number">1</order></json></assignments><layout type="string">column</layout><urls type="array"><item type="string">/uploadreport.html5</item></urls><shared type="boolean">false</shared></json></page><page uri="/admin/workplace/1416240933723-19852662.json"><json type="object" xmlns="http://marklogic.com/xdmp/json/basic"><title type="string">Search</title><actions type="object"><onload type="array"><json type="object"><type type="string">javascript</type><action type="string">searchcontext1.doSimpleQuery</action><config type="object"><target type="string">searchcontext1</target><method type="string">doSimpleQuery</method><parameters type="array"/></config></json></onload><onunload type="array"/></actions><contexts type="array"><json type="object"><context type="string">searchcontext1</context><type type="string">SearchContext</type><config type="object"><options type="string"/><optionsName type="string"/><sortWord type="string"/><defaultQuery type="string"/><collection type="string"/><directory type="string"/><transform type="string"/><format type="string"/><searchEndpoint type="string">search</searchEndpoint><tuples type="array"/></config><register type="array"><item type="string">searchfacets2</item><item type="string">searchbar2</item><item type="string">searchpager1</item><item type="string">searchresults2</item></register></json></contexts><widgets type="array"><json type="object"><widget type="string">searchfacets2</widget><type type="string">com.marklogic.widgets.searchfacets</type><config type="object"><listSize type="number">5</listSize><extendedSize type="number">10</extendedSize><allowShowAll type="boolean">true</allowShowAll><hideEmptyFacets type="boolean">true</hideEmptyFacets></config></json><json type="object"><widget type="string">searchbar2</widget><type type="string">com.marklogic.widgets.searchbar</type><config type="object"/></json><json type="object"><widget type="string">searchpager1</widget><type type="string">com.marklogic.widgets.searchpager</type><config type="object"/></json><json type="object"><widget type="string">searchresults2</widget><type type="string">com.marklogic.widgets.searchresults</type><config type="object"><selectionMode type="string">append</selectionMode></config></json></widgets><assignments type="array"><json type="object"><widget type="string">searchfacets2</widget><zone type="string">A</zone><order type="number">1</order></json><json type="object"><widget type="string">searchbar2</widget><zone type="string">B</zone><order type="number">1</order></json><json type="object"><widget type="string">searchpager1</widget><zone type="string">B</zone><order type="number">2</order></json><json type="object"><widget type="string">searchresults2</widget><zone type="string">B</zone><order type="number">3</order></json></assignments><layout type="string">thinthick</layout><urls type="array"><item type="string">/search.html5</item></urls><shared type="boolean">false</shared></json></page><page uri="/admin/workplace/1415279570638-59024318.json"><json type="object" xmlns="http://marklogic.com/xdmp/json/basic"><title type="string">Geo Search</title><actions type="object"><onload type="array"><json type="object"><type type="string">javascript</type><action type="string">searchcontext1.doSimpleQuery</action><config type="object"><target type="string">searchcontext1</target><method type="string">doSimpleQuery</method><parameters type="array"/></config></json></onload><onunload type="array"/></actions><contexts type="array"><json type="object"><context type="string">searchcontext1</context><type type="string">SearchContext</type><config type="object"><options type="string"/><optionsName type="string"/><sortWord type="string"/><defaultQuery type="string"/><collection type="string"/><directory type="string"/><transform type="string"/><format type="string"/><searchEndpoint type="string">search</searchEndpoint><tuples type="array"/></config><register type="array"><item type="string">openlayers1</item><item type="string">searchbar1</item><item type="string">searchfacets1</item><item type="string">searchresults1</item></register></json><json type="object"><context type="string">geocontext1</context><type type="string">GeoContext</type><config type="object"/><register type="array"><item type="string">openlayers1</item><item type="string">searchbar1</item><item type="string">searchfacets1</item><item type="string">searchresults1</item></register></json><json type="object"><context type="string">alertcontext1</context><type type="string">AlertContext</type><config type="object"/><register type="array"><item type="string">openlayers1</item><item type="string">searchbar1</item><item type="string">searchfacets1</item><item type="string">searchresults1</item></register></json><json type="object"><context type="string">datacontext1</context><type type="string">DataContext</type><config type="object"><splitby type="string">source</splitby><splitfield type="string"/><sources type="array"><json type="object"><name type="string">data</name><sourceSearchContext type="string">searchcontext1</sourceSearchContext><sourceSemanticContext type="string">semanticcontext1</sourceSemanticContext><type type="string">2</type><identity type="string">_uri</identity></json></sources><fields type="array"><json type="object"><name type="string">_uri</name><type type="string">uri</type></json><json type="object"><name type="string">location</name><type type="string">point</type></json></fields></config><register type="array"><item type="string">openlayers1</item><item type="string">searchbar1</item><item type="string">searchfacets1</item><item type="string">searchresults1</item></register></json></contexts><widgets type="array"><json type="object"><widget type="string">searchfacets1</widget><type type="string">com.marklogic.widgets.searchfacets</type><config type="object"><listSize type="number">5</listSize><extendedSize type="number">10</extendedSize><allowShowAll type="boolean">true</allowShowAll><hideEmptyFacets type="boolean">true</hideEmptyFacets></config></json><json type="object"><widget type="string">searchbar1</widget><type type="string">com.marklogic.widgets.searchbar</type><config type="object"/></json><json type="object"><widget type="string">openlayers1</widget><type type="string">com.marklogic.widgets.openlayers</type><config type="object"><showGoogleStreet type="boolean">false</showGoogleStreet><showArcGISOnline type="boolean">false</showArcGISOnline><showAllBing type="boolean">false</showAllBing><constraint-name type="string">location</constraint-name><heatmapGranularity type="number">256</heatmapGranularity><startLat type="string">51.639843</startLat><startLon type="string">-1.2400045</startLon><startZoom type="string">13</startZoom><series type="array"><json type="object"><title type="string">Search Data</title><searchcontext type="string">searchcontext1</searchcontext><latsrc type="string"/><lonsrc type="string"/><titlesrc type="string"/><summarysrc type="string"/><iconsrc type="string"/><heatmapconstraint type="string">location</heatmapconstraint></json></series><titlepattern type="string">#title#</titlepattern><summarypattern type="string">#sender# #summary##extract#</summarypattern><iconpattern type="string">/images/icon-#collection#.png</iconpattern><iconwidth type="string">36</iconwidth><iconheight type="string">36</iconheight><iconoffsetx type="string">-18</iconoffsetx><iconoffsety type="string">-36</iconoffsety><viewlinkpattern type="string">/view.html5?uri=#_uri#</viewlinkpattern></config></json><json type="object"><widget type="string">searchresults1</widget><type type="string">com.marklogic.widgets.searchresults</type><config type="object"><selectionMode type="string">append</selectionMode></config></json></widgets><assignments type="array"><json type="object"><widget type="string">searchfacets1</widget><zone type="string">A</zone><order type="number">1</order></json><json type="object"><widget type="string">searchbar1</widget><zone type="string">B</zone><order type="number">1</order></json><json type="object"><widget type="string">openlayers1</widget><zone type="string">B</zone><order type="number">2</order></json><json type="object"><widget type="string">searchresults1</widget><zone type="string">B</zone><order type="number">3</order></json></assignments><layout type="string">thinthick</layout><urls type="array"><item type="string">/geosearch.html5</item></urls><shared type="boolean">false</shared></json></page><page uri="/admin/workplace/1415799595909-10927228.json"><json type="object" xmlns="http://marklogic.com/xdmp/json/basic"><title type="string">View</title><actions type="object"><onload type="array"><json type="object"><type type="string">javascript</type><action type="string">doccontext1.getContent</action><config type="object"><target type="string">doccontext1</target><method type="string">getContent</method><parameters type="array"><json type="object"><type type="string">queryStringParameter</type><value type="string">uri</value></json></parameters></config></json><json type="object"><type type="string">javascript</type><action type="string">doccontext1.getProperties</action><config type="object"><target type="string">doccontext1</target><method type="string">getProperties</method><parameters type="array"><json type="object"><type type="string">queryStringParameter</type><value type="string">uri</value></json></parameters></config></json></onload><onunload type="array"/></actions><contexts type="array"><json type="object"><context type="string">searchcontext1</context><type type="string">SearchContext</type><config type="object"/><register type="array"><item type="string">docproperties1</item><item type="string">docheadviewer1</item><item type="string">docviewer1</item></register></json><json type="object"><context type="string">semanticcontext1</context><type type="string">SemanticContext</type><config type="object"/><register type="array"><item type="string">docproperties1</item><item type="string">docheadviewer1</item><item type="string">docviewer1</item></register></json><json type="object"><context type="string">geocontext1</context><type type="string">GeoContext</type><config type="object"/><register type="array"><item type="string">docproperties1</item><item type="string">docheadviewer1</item><item type="string">docviewer1</item></register></json><json type="object"><context type="string">doccontext1</context><type type="string">DocumentContext</type><config type="object"/><register type="array"><item type="string">docproperties1</item><item type="string">docheadviewer1</item><item type="string">docviewer1</item></register></json><json type="object"><context type="string">alertcontext1</context><type type="string">AlertContext</type><config type="object"/><register type="array"><item type="string">docproperties1</item><item type="string">docheadviewer1</item><item type="string">docviewer1</item></register></json><json type="object"><context type="string">datacontext1</context><type type="string">DataContext</type><config type="object"/><register type="array"><item type="string">docproperties1</item><item type="string">docheadviewer1</item><item type="string">docviewer1</item></register></json></contexts><widgets type="array"><json type="object"><widget type="string">docproperties1</widget><type type="string">com.marklogic.widgets.docproperties</type><config type="object"><showEditControls type="boolean">true</showEditControls></config></json><json type="object"><widget type="string">docheadviewer1</widget><type type="string">com.marklogic.widgets.docheadviewer</type><config type="object"/></json><json type="object"><widget type="string">docviewer1</widget><type type="string">com.marklogic.widgets.docviewer</type><config type="object"/></json></widgets><assignments type="array"><json type="object"><widget type="string">docproperties1</widget><zone type="string">A</zone><order type="number">1</order></json><json type="object"><widget type="string">docheadviewer1</widget><zone type="string">A</zone><order type="number">2</order></json><json type="object"><widget type="string">docviewer1</widget><zone type="string">A</zone><order type="number">3</order></json></assignments><layout type="string">column</layout><urls type="array"><item type="string">/view.html5</item></urls><shared type="boolean">false</shared></json></page><page uri="/admin/workplace/1416481574922-24460848.json"><json type="object" xmlns="http://marklogic.com/xdmp/json/basic"><title type="string">Markings</title><actions type="object"><onload type="array"><json type="object"><type type="string">javascript</type><action type="string">doccontext1.getFilteredContentFor</action><config type="object"><target type="string">doccontext1</target><method type="string">getFilteredContentFor</method><parameters type="array"><json type="object"><type type="string">queryStringParameter</type><value type="string">uri</value></json></parameters></config></json></onload><onunload type="array"/></actions><contexts type="array"><json type="object"><context type="string">doccontext1</context><type type="string">DocumentContext</type><config type="object"/><register type="array"><item type="string">markings1</item></register></json></contexts><widgets type="array"><json type="object"><widget type="string">markings1</widget><type type="string">com.marklogic.widgets.markings</type><config type="object"><readClasses type="array"><json type="object"><role type="string">unclassified</role></json><json type="object"><role type="string">official</role></json></readClasses><triples type="boolean">true</triples><tripleCollections type="array"><json type="object"><prefix type="string">/doctriples#URI#/#SECTIONID#</prefix><collection type="string">doctriples</collection></json></tripleCollections></config></json></widgets><assignments type="array"><json type="object"><widget type="string">markings1</widget><zone type="string">A</zone><order type="number">1</order></json></assignments><layout type="string">column</layout><urls type="array"><item type="string">/markings.html5</item></urls><shared type="boolean">false</shared></json></page></pages></workplace>
